3,1,960,7314,5,6,960,0,205000
4,1.75,2090,4300,4,7,1250,840,494000
4,3,3120,157875,4,8,3120,0,790000
2,1.5,1070,1236,3,8,1000,70,401750
4,1,1540,8400,3,7,770,770,278500
2,1,1300,39639,4,6,1300,0,295000
4,2.75,3320,8653,3,8,3320,0,679990
3,1,1320,9000,3,7,1320,0,196500
3,1,1350,7553,3,6,1350,0,280000
3,2.5,2750,37096,3,9,2750,0,375000
3,1.75,1790,6775,3,8,1790,0,485000
3,2.25,1960,6500,4,8,1960,0,450000
3,1,800,2296,4,6,800,0,370000
3,2,1460,6250,4,7,1460,0,705000
2,1,1430,7819,3,7,1110,320,380950
5,2,2600,3750,4,6,1400,1200,580000
4,3,2940,5763,5,8,1640,1300,640000
3,1,1520,8600,3,6,1040,480,210000
4,1.75,1250,7400,5,6,1250,0,445000
2,1,770,8149,3,6,770,0,220000
3,2.5,1960,3540,3,8,1960,0,342000
3,2.5,2090,12027,3,8,2090,0,327500
3,1,980,7000,3,6,980,0,330000
3,1,1010,10215,3,6,1010,0,180000
4,2.5,2620,6114,3,9,2620,0,675000
4,2.5,1930,8040,3,7,1380,550,513000
5,2.5,2990,9240,3,8,2990,0,357000
3,2.5,1330,2180,3,8,1330,0,539950
3,1.5,1630,82764,4,6,1630,0,300000
3,1.75,1070,9000,4,7,1070,0,361500
2,1.75,1400,865,3,8,1110,290,358500
3,2.5,1660,1091,3,9,1530,130,729500
4,2.5,3220,14463,3,8,3220,0,630000
3,1.75,2330,12141,3,7,1390,940,535000
5,2,2280,5750,4,8,1140,1140,383000
3,2.25,2000,8030,4,8,1000,1000,420000
4,1.5,2180,22870,4,6,1280,900,273000
3,2.75,2250,9600,4,9,1830,420,765000
3,1.75,1170,8182,3,7,1170,0,352500
4,2.75,3500,7200,3,9,3500,0,788600
3,2.25,1960,1585,3,7,1750,210,300000
1,1.5,1900,40600,5,9,1450,450,550000
3,2.25,1640,1204,3,8,1640,0,772000
4,2.5,4040,25752,3,10,4040,0,765000
3,2.75,2200,3885,3,8,2200,0,572000
3,2.25,1980,8775,3,7,1290,690,437000
4,1.75,1730,11890,2,7,980,750,425000
3,2.5,2370,15375,3,9,2370,0,420000
2,1,1210,18700,4,7,1210,0,198900
4,1.75,2180,13529,3,7,1090,1090,405000
4,2.5,2190,7294,3,8,2190,0,349000
3,1.5,1980,10203,4,7,1680,300,570000
3,2.25,1520,7199,4,7,1520,0,275250
4,1,1780,5000,3,8,1780,0,654500
3,2.5,1530,2890,3,7,1530,0,250000
3,1,1370,4000,4,8,1370,0,593500
2,1,780,5300,3,6,780,0,130000
4,2.5,2380,13435,3,10,2380,0,648000
4,2.75,2600,5390,4,8,1300,1300,855000
4,2,2100,12620,4,7,2100,0,500000
4,1,1150,5217,3,7,1150,0,489000
4,2.5,2520,7253,3,9,2520,0,442000
2,1,1320,4520,3,6,1320,0,451555
3,1,1250,17380,4,7,1250,0,345000
2,2.25,1470,1101,3,8,1340,130,510000
3,2,1360,9688,4,7,1360,0,244000
3,1.5,2440,5750,3,8,1320,1120,875000
3,1.5,1680,8712,3,8,1680,0,356000
5,2.75,3080,5752,3,9,3080,0,579950
3,2.5,1580,12250,3,8,1580,0,267000
3,2.5,1620,2640,4,7,1620,0,498000
3,1,1360,5840,4,5,1360,0,253200
5,3.5,3520,5400,3,9,2400,1120,1.50E+06
2,1,840,863,3,8,840,0,291000
6,1.75,2120,3801,4,7,1220,900,493000
3,2.5,1830,8133,3,8,1390,440,510000
4,2.5,2280,4534,3,8,2280,0,570000
2,1.5,1210,5000,5,6,1210,0,615000
3,2.5,3380,9528,3,10,3380,0,751000
4,2.5,2470,77550,4,7,2470,0,635000
4,2.25,2390,57599,3,8,2390,0,589000
2,1,1160,8504,4,7,1160,0,345000
2,2.25,1890,5400,5,8,1610,280,750000
4,2.5,2250,11349,3,8,2250,0,572650
3,2.5,2400,7478,3,9,2400,0,489950
3,1.75,1300,9856,4,7,1300,0,242000
3,2.5,2120,4780,3,7,2120,0,575000
3,1.75,1240,4550,4,7,1240,0,505000
2,1,1270,3700,3,7,1270,0,404500
3,2,2010,7017,3,7,2010,0,775000
5,2.5,2830,25958,5,8,1610,1220,700000
3,1,1040,8645,4,7,1040,0,198400
2,1.75,1350,4286,3,8,1350,0,455000
4,2.5,2490,4751,3,7,2490,0,360000
3,1.5,2710,47419,3,7,2170,540,442500
3,1.5,1590,6750,3,7,1080,510,357000
2,2,1550,435600,2,7,1550,0,330000
4,2.25,2190,15491,3,8,2190,0,524000
3,1.5,1720,8100,3,8,1720,0,667000
3,2.25,2480,15022,3,9,1330,1150,1.05E+06
4,2.5,3880,14550,3,10,3880,0,762300
2,1.5,1280,8710,3,7,1280,0,252500
3,2.75,2670,3738,3,10,1720,950,798800
3,2,1540,7210,4,7,1540,0,252000
2,1,790,4000,3,6,790,0,399000
3,1,860,11725,4,6,860,0,210000
3,2.5,3370,36218,4,9,3370,0,699950
3,1.5,1730,9509,3,8,1270,460,563000
4,2.75,2360,7716,3,7,1390,970,405000
6,2.5,2420,11662,4,7,1420,1000,376000
4,1.75,2430,14000,4,7,1580,850,602000
3,2.5,1650,6684,3,7,1650,0,268000
4,2.25,1880,6160,3,7,1880,0,272000
3,2.5,1790,2700,3,8,1790,0,509900
3,2.25,1580,39189,3,7,1180,400,425000
3,1.5,1910,21374,1,8,1910,0,1.50E+06
4,3,3110,4408,4,10,2510,600,1.42E+06
3,1.75,1340,7473,4,7,1340,0,223000
3,1,1350,10000,4,7,1350,0,450000
3,1.75,1420,6289,3,7,1100,320,329922
3,2.5,2020,3000,4,6,1010,1010,400000
3,1,1920,6862,3,7,1120,800,325000
3,2.5,2340,4273,3,7,2340,0,459950
4,2.25,1800,9350,3,8,1800,0,225000
4,2.5,2130,9013,3,8,2130,0,310000
3,1.5,1410,3600,3,7,1410,0,626700
3,2.5,1550,8134,3,7,1550,0,268000
4,3.25,4290,12103,3,11,2690,1600,1.40E+06
4,2.5,2020,7200,4,6,2020,0,319950
4,1.75,1900,10588,5,6,1900,0,265000
4,2.75,2700,35362,5,8,2700,0,669000
3,2,1940,3800,4,7,1050,890,627000
4,2.5,3030,7187,3,9,3030,0,815000
4,1.75,1870,16549,3,8,1870,0,419950
3,2,1730,12219,4,7,1730,0,625000
2,1,1200,12856,4,6,1200,0,546000
3,1,2320,6750,3,7,1160,1160,335000
5,3,2240,18265,4,8,2240,0,805000
3,1,1260,4080,4,7,1260,0,565000
3,1,1120,8549,3,7,1120,0,750000
3,1.5,2540,9520,3,8,1500,1040,690000
4,2.5,2460,7800,3,8,1500,960,261500
3,1,1790,3876,5,7,1090,700,615000
3,2.25,2140,6720,3,8,1440,700,524000
3,1.5,2020,11358,4,6,1190,830,465000
3,2.5,1710,2875,3,8,1710,0,590000
4,2.5,1800,8432,4,7,1200,600,375000
4,3.75,1980,4095,3,9,1980,0,912000
3,2.5,2600,10183,3,8,1300,1300,748000
4,2.5,2320,3974,3,7,2320,0,485500
3,2.5,1940,9000,4,7,970,970,576000
3,1.5,1060,9711,3,7,1060,0,291850
4,2.25,2160,8817,3,7,1460,700,335000
3,1,1150,4825,4,6,1150,0,240000
5,1.5,1750,12491,3,6,1390,360,465000
5,4,4360,8030,3,10,4360,0,1.29E+06
2,1,1060,1600,3,7,1060,0,353250
4,2.25,2160,8811,3,8,1360,800,260000
3,2.5,1630,1587,3,8,1630,0,557000
2,1.5,1010,1968,5,5,1010,0,440000
2,1,1010,6000,4,6,1010,0,302000
2,2.25,1060,1208,3,8,940,120,499950
4,3,2460,9606,3,8,2460,0,280000
3,1,1060,8097,4,7,940,120,420000
4,3.25,2690,7200,3,9,1720,970,635000
3,1.75,1850,5100,3,7,1020,830,580000
4,2,1610,4770,4,7,1230,380,495000
3,1.75,1510,6597,4,6,950,560,410000
2,1,1010,3916,4,6,810,200,400000
3,1.75,1830,9720,3,7,1150,680,550000
3,2,1890,14040,3,7,1890,0,395000
3,1,1250,10094,4,6,1250,0,255000
4,2.5,1910,7201,3,7,1210,700,340000
4,2.5,4600,67369,3,10,4600,0,800000
4,3.75,4740,126759,4,10,4740,0,1.05E+06
4,2.75,3140,7258,3,10,3140,0,920000
3,2.25,2540,7216,3,8,2540,0,265000
2,2.5,1450,1213,3,9,1110,340,659000
2,1,670,6000,5,6,670,0,415000
4,2,1930,3976,4,8,1930,0,650000
3,3,3760,188760,4,10,2640,1120,555000
3,3.25,5290,224442,4,11,4540,750,1.69E+06
1,2.25,2060,10600,3,7,1560,500,360000
3,1.5,1210,7247,4,7,1210,0,208000
5,3,2840,7199,3,7,1710,1130,292050
3,2.25,2780,6000,4,9,1670,1110,834500
4,3.5,2870,3225,3,9,2070,800,460000
3,2.5,1980,6922,5,8,1980,0,370000
3,2,1300,22605,3,7,1300,0,469000
3,1,1520,2500,3,8,1520,0,550000
3,2.25,3170,5000,5,10,2230,940,1.60E+06
4,2.5,2310,5100,3,9,2310,0,685000
2,1,880,2400,3,6,760,120,376000
4,2.25,2030,11585,4,7,1590,440,545000
4,2.5,2810,6146,3,9,2810,0,301000
2,1.75,1250,2890,4,7,790,460,450000
3,2.25,2280,200811,3,7,2280,0,410000
3,1.5,1300,3348,3,7,1300,0,435000
3,2,1390,8245,2,7,1390,0,204900
4,2.5,2820,33750,4,9,2820,0,369900
4,1.75,1440,6144,5,6,720,720,339888
3,2.25,2380,6000,5,9,1650,730,886000
4,2.25,2860,40284,3,10,2860,0,872000
5,3,2200,6380,3,7,1440,760,559900
5,3,2170,2440,4,8,1450,720,750500
3,1,1060,10050,4,7,1060,0,335000
3,1,1040,7500,4,6,1040,0,172500
3,2.5,2370,11172,3,9,2370,0,640000
3,2.5,1720,6200,3,7,1720,0,255000
3,3.25,2260,3727,3,8,1880,380,795000
4,3.25,4400,16625,3,11,4400,0,1.05E+06
4,3,2430,11670,4,7,1330,1100,518000
3,1.75,1740,9500,4,8,1150,590,585000
5,1,1340,11198,3,8,1340,0,345950
2,1,1000,5375,3,7,1000,0,420000
4,2.75,3555,6565,3,9,3555,0,895990
3,1.5,1760,6723,3,7,1160,600,470000
3,1.5,1320,1250,3,8,1320,0,580000
4,2.5,1984,32400,3,8,1564,420,380000
4,2.75,2500,5995,3,8,2500,0,350000
2,1,1000,16524,3,5,1000,0,115000
3,2.25,2190,7149,4,8,1240,950,539950
4,4,3770,8899,3,10,2940,830,1.10E+06
4,2.75,4030,10240,3,8,3310,720,835000
3,3,3180,2758,3,11,2240,940,1.33E+06
2,1,2160,12960,3,7,1360,800,305000
4,3.5,4230,20377,3,11,4230,0,2.08E+06
4,3.5,3510,9084,3,10,3510,0,695000
3,1.75,1880,8706,3,7,940,940,395900
6,3.5,4860,11793,3,11,3860,1000,1.07E+06
4,2.5,2780,6837,3,9,2780,0,1.09E+06
4,1.75,2510,5800,4,9,1830,680,880000
1,1.75,1010,10900,4,6,1010,0,283700
3,1.75,1620,7330,4,7,1090,530,459000
5,2,1760,21562,3,8,1560,200,647500
3,1.75,1720,7200,3,7,1420,300,622200
3,1.75,1890,7560,3,8,1430,460,475000
4,2.5,2660,5608,3,9,2660,0,729000
3,1,1080,10200,4,7,1080,0,207000
3,2,2080,7020,4,7,1040,1040,555000
2,1,1610,19965,3,7,1610,0,255000
3,1.5,2240,7227,3,9,1440,800,700000
3,1.5,1520,6805,4,7,1040,480,265000
4,2.5,2160,6223,3,8,2160,0,383000
5,2.75,2400,8050,3,8,2400,0,327000
2,1,1010,3885,4,7,1010,0,500000
4,2.5,2830,13760,3,8,2830,0,518000
4,1,1200,6000,3,6,1200,0,220000
3,2.5,1680,1620,3,9,1120,560,629950
3,2.75,2310,1850,3,10,2020,290,713000
2,1.75,1880,7208,3,7,940,940,340000
3,2.5,2360,8093,3,8,2360,0,339999
3,1.5,1470,14821,4,7,1470,0,264000
4,3.25,2760,4104,3,8,1900,860,641000
2,2,930,1662,3,7,670,260,368000
4,2.75,2470,7200,5,7,1350,1120,525000
3,2.25,2750,219542,3,7,1870,880,510000
4,2.25,2500,4046,4,7,1520,980,669500
3,2.5,2090,4590,3,7,2090,0,300000
3,1,1560,4500,3,7,1560,0,415000
3,1,1160,11776,3,7,1160,0,305000
3,1,1380,9875,3,7,1380,0,245000
3,1.5,1800,6250,3,8,1420,380,580000
4,2.5,1252,25002,3,8,992,260,352000
4,2.25,3300,15375,3,8,2820,480,1.25E+06
2,1,740,9003,3,5,740,0,157500
3,2.5,1510,1618,3,8,1330,180,453000
3,2.5,1340,3011,3,7,1340,0,230000
3,1.75,1490,8000,3,8,1490,0,275000
3,2.5,2280,10255,4,8,2280,0,380000
3,2.75,2610,5000,4,7,1710,900,608000
4,2.75,3010,3400,3,9,2240,770,925000
3,1,910,8658,3,7,910,0,306000
3,1.5,990,8925,4,7,990,0,158000
4,3.25,3730,4560,3,9,2760,970,595000
3,2,1640,7201,3,8,1640,0,405000
3,2.25,3360,7108,3,10,2770,590,2.19E+06
4,1,1730,36356,4,6,1730,0,319000
3,2.5,2420,11953,3,9,2420,0,570000
4,2.25,2670,9040,3,8,2170,500,339950
3,1.5,1410,8415,4,7,780,630,215000
3,2.25,1720,17235,4,7,1440,280,286900
3,2,2020,7260,3,7,1180,840,317000
3,2,1510,10827,3,7,1510,0,390000
5,2.75,2530,9375,5,7,1530,1000,355000
4,4,4000,9309,3,9,4000,0,688000
3,1,1700,4750,4,6,1200,500,570000
4,2.25,1860,7000,3,8,1120,740,239900
4,2,1530,5250,3,7,1110,420,381800
4,2.5,2240,5624,3,7,1520,720,469000
4,2.5,2110,10100,3,8,2110,0,981000
4,2.75,1500,7036,3,7,1060,440,262500
3,2,2390,6888,5,8,2390,0,1.10E+06
3,2.5,1650,1838,4,7,1270,380,453000
3,3,2500,8304,3,8,2500,0,364900
4,2.5,2340,8955,3,9,2340,0,645000
3,1.75,1220,7250,3,7,1220,0,251000
2,1,750,5534,3,7,750,0,325000
3,1,1030,10480,4,7,1030,0,397500
4,2,1400,3600,3,7,1100,300,485000
5,4,4500,8130,3,10,4500,0,750000
5,1.75,2000,8713,3,7,1000,1000,620000
4,2.5,2070,8685,3,7,2070,0,262000
3,2.25,2770,57745,3,8,2770,0,653000
3,1.75,1330,6301,3,7,1330,0,236000
3,1.75,1260,17000,3,7,1260,0,335000
2,1,840,12750,3,6,840,0,150000
3,1.5,1980,4000,3,8,1980,0,707000
4,3,1840,7510,5,8,1840,0,268000
3,2.5,2280,7417,3,8,2280,0,320000
3,3,1800,5000,3,8,1500,300,606400
4,2,1710,7455,3,7,1030,680,234000
3,3.5,4660,21164,3,12,4660,0,1.64E+06
2,1,800,8125,3,6,800,0,145000
4,2.25,1950,9800,3,8,1330,620,560000
5,2.25,3320,11350,5,8,1660,1660,989900
2,1,720,5820,5,6,720,0,350000
3,2.5,1920,4534,3,8,1920,0,475000
2,1,1180,7200,4,6,1180,0,336000
3,2.5,1470,1571,3,8,1180,290,420000
4,2.5,3910,8442,3,9,2710,1200,489000
4,2,1780,5336,5,6,930,850,315000
3,2,1420,16000,3,7,1420,0,324450
3,2,1970,3420,5,8,1970,0,812000
3,2.25,1830,13477,4,7,1170,660,439000
3,2,1350,8587,3,7,1350,0,244000
4,3,3040,11651,3,10,3040,0,691000
2,1.5,1480,15641,4,7,1480,0,490000
2,2,1690,4200,3,7,1690,0,462500
3,1.5,2240,3800,3,8,1370,870,510000
3,3,1280,1085,3,8,1280,0,533000
2,1,910,9753,3,5,910,0,85000
3,2.25,1740,9682,5,8,1740,0,425000
3,2.5,2040,14071,3,7,2040,0,330000
3,2.5,1880,5502,3,8,1880,0,485000
3,2.5,1710,4920,3,7,1710,0,415000
3,1.75,1820,9875,4,8,1820,0,539950
3,3,2780,6000,3,9,2780,0,594866
2,1,1050,9000,4,7,1050,0,219000
3,2.75,3290,11441,4,10,3290,0,515000
3,2.5,1740,30886,3,8,1740,0,379000
2,1.75,1700,5000,3,6,850,850,511718
3,2.5,1980,13964,5,7,1980,0,760000
4,1.5,2340,5000,3,8,2100,240,730000
3,2.5,1820,16300,4,7,1220,600,453000
4,2.5,3020,4950,4,9,2020,1000,975000
3,2.25,1430,4777,3,7,1430,0,355000
2,1,1600,8961,4,7,1390,210,218500
3,2.25,2270,8876,3,7,1380,890,332000
3,2.5,2570,3600,3,9,2570,0,680000
4,1,1440,7215,3,7,1440,0,355000
3,3,2350,1620,3,9,1560,790,1.20E+06
5,2.5,2620,8050,3,8,1520,1100,550120
4,1.5,2130,8800,3,7,1100,1030,260000
2,1,940,4264,5,7,940,0,416000
2,1,890,7250,3,7,890,0,285000
3,2.5,1910,3075,3,8,1910,0,595000
4,3.25,2630,2550,3,10,2030,600,855000
3,0.75,1040,15000,3,6,1040,0,230000
3,2.5,1740,13750,4,9,1740,0,645000
3,4,1390,1569,3,9,1150,240,458000
5,3.25,4300,9270,3,10,2910,1390,1.40E+06
3,2.5,2610,7301,3,8,2610,0,575000
3,2.25,2210,5742,3,8,1460,750,590000
3,2.75,3176,13391,4,9,2726,450,819000
4,2.25,2160,9525,3,8,1080,1080,750000
4,2.5,3830,13800,4,9,2030,1800,1.10E+06
3,2.5,1950,4345,3,7,1950,0,425000
3,3.5,4380,6350,3,8,2780,1600,740500
4,2.75,2310,5650,3,8,1330,980,450000
4,2.25,2010,7575,3,7,1220,790,440000
3,2.25,2610,3357,4,7,1980,630,1.05E+06
4,2.75,2390,6979,3,8,2390,0,625000
3,1,1400,7066,3,8,1400,0,349950
5,3.5,3430,6872,3,10,2830,600,473000
3,3.5,1690,1765,3,8,1370,320,622000
3,2,2250,8000,4,9,2250,0,998800
3,1,1000,9170,3,7,1000,0,329950
2,1,800,5080,3,7,800,0,404500
4,2.5,2650,8685,3,9,2650,0,424000
3,2.25,1400,1078,3,8,940,460,430100
3,1,1530,2400,4,7,890,640,575000
3,1.75,1520,7137,3,5,1520,0,198500
3,1.75,1560,10919,3,7,1560,0,236000
3,1,1680,7910,3,7,1680,0,599950
3,1.5,1860,9003,3,7,1490,370,415000
2,2,1430,3880,4,7,1430,0,545000
3,1.5,1430,11173,1,7,1430,0,380000
3,1.75,1590,2500,4,7,1190,400,556000
4,2.75,1690,6090,3,7,1400,290,550000
4,2.75,2100,4480,4,7,1780,320,679000
4,2.5,2420,5244,3,9,2420,0,449950
3,2.75,3400,7200,3,9,2470,930,530000
4,4,4360,12081,3,10,4360,0,1.98E+06
3,2.5,3520,237402,3,9,3520,0,905000
3,1,960,9624,3,7,960,0,234000
2,2,1540,6804,5,7,1020,520,582500
3,2.25,2110,8000,3,8,2110,0,385000
3,1.5,1240,1221,3,8,1050,190,320000
3,2.5,2010,57934,3,7,2010,0,495500
4,2.75,2414,7693,3,8,2414,0,292000
4,2.75,3010,7427,3,8,3010,0,800000
4,1.5,1850,7547,4,7,1850,0,245000
4,2.25,2190,9020,3,8,2190,0,320000
4,1.75,2230,7957,4,7,2230,0,537000
2,1,1010,3400,3,7,1010,0,470450
3,2.25,1600,39848,4,8,1600,0,380000
4,2.25,1720,7803,3,8,1350,370,336750
4,2.5,2660,22050,3,9,2660,0,629000
3,1.75,1397,18000,3,7,1397,0,257000
5,2.5,2920,5568,3,8,2320,600,875000
5,2.25,2640,14959,4,7,1770,870,1.40E+06
0,2.5,1490,7111,3,7,1490,0,320000
4,2.25,2130,8640,3,7,1430,700,530000
1,1,540,10125,3,5,540,0,345000
2,2.25,3950,3938,3,10,2910,1040,1.31E+06
3,2,2064,46173,5,7,2064,0,567035
4,3.25,2885,33671,4,8,2885,0,605000
4,2.75,3320,5559,3,9,3320,0,850000
3,2.5,1880,5290,3,8,1250,630,355000
3,1,1290,6380,3,7,1290,0,790000
4,2.5,2650,12001,4,9,2650,0,870000
3,2.5,1670,5146,3,8,1670,0,540000
3,1.75,1630,1404,3,8,1020,610,540000
4,2.25,2190,3746,3,8,2190,0,294000
4,2.5,2460,4425,3,8,2460,0,693000
4,2.75,2470,5500,3,9,1570,900,1.21E+06
4,3.5,4370,37193,3,8,2780,1590,473000
3,1,860,7632,3,6,860,0,278000
3,2.25,2680,175982,3,9,2680,0,635000
4,1.75,1360,7700,4,7,1360,0,260000
4,2.5,3420,6845,3,9,3420,0,757500
4,2.25,2630,4000,5,9,1810,820,1.05E+06
3,3,1880,2200,3,8,1520,360,630000
4,2.25,2310,36136,4,9,2310,0,760500
3,1.75,1720,5899,3,8,1220,500,514000
3,1.75,1850,6000,3,8,1650,200,819000
3,2.5,1510,1178,3,8,1060,450,515000
4,2.5,2570,11473,3,8,2570,0,356500
4,1.5,2130,5000,4,8,2130,0,749000
3,2,1900,8002,3,7,1900,0,252500
4,2.25,1790,7311,3,7,1790,0,402000
4,2,2210,5572,3,7,1760,450,510000
4,2.5,2090,7434,3,7,1090,1000,325000
4,1.5,1850,3600,3,8,1660,190,920000
3,2.5,2120,4310,3,7,2120,0,559950
5,2.75,3150,7119,3,9,3150,0,819900
3,1,990,8012,4,7,990,0,225000
2,1,1470,5400,3,8,1470,0,865000
3,1.75,1680,3420,3,7,960,720,526000
4,3.5,3120,5086,3,9,2480,640,953007
4,2.5,2700,6515,3,9,2700,0,426500
3,2.25,2010,4400,3,7,2010,0,350000
5,2.5,3100,10189,3,8,3100,0,540000
5,2.5,2380,91476,4,8,1580,800,529000
3,2.25,2890,5000,3,9,2890,0,930000
3,1.75,1220,1450,3,6,620,600,385000
3,1.75,1540,13002,2,8,1200,340,492450
2,2.75,730,5000,3,7,730,0,464000
4,1.75,3220,7392,4,8,2010,1210,485000
3,1.75,1730,9334,3,8,1220,510,499990
2,1.75,1620,113862,3,7,1620,0,439000
3,2,1630,7800,5,7,1630,0,376500
4,1.75,1980,7840,4,7,990,990,416000
3,2,3030,9374,4,7,2100,930,590000
4,2.5,2910,5776,3,8,2910,0,589000
4,2.5,2330,7064,4,8,1780,550,595000
4,1.75,1870,5200,4,7,1200,670,594000
2,2.25,1610,1968,4,7,1610,0,293000
4,2.25,3260,4640,5,9,2360,900,1.33E+06
3,2.5,1810,7200,5,7,1310,500,827500
2,1,820,6400,4,7,820,0,361280
3,2,1240,12285,3,7,620,620,248500
3,2.5,1740,4960,3,8,1740,0,477000
2,1,840,6720,3,7,840,0,355000
3,2,1170,5360,3,6,1170,0,335000
2,2.25,1350,1493,3,8,1050,300,395000
3,2.5,2120,3600,3,9,2120,0,680000
4,3.75,4130,12320,3,11,4130,0,1.07E+06
3,1.75,1920,7400,4,8,1260,660,605000
2,2,1180,9265,3,7,1180,0,257500
3,2.75,2480,209199,3,8,1870,610,408506
4,4.5,3130,5126,3,10,2450,680,1.33E+06
4,1.5,2040,8800,4,7,1020,1020,510000
4,2.5,3280,209088,3,10,3280,0,925000
2,1,740,5000,4,6,740,0,255000
3,1,940,5650,3,6,940,0,260000
4,3.25,3080,4120,3,9,2380,700,1.28E+06
3,2.5,2000,8424,4,7,1300,700,470000
4,2.5,2980,4930,3,9,2890,90,750000
0,0,3064,4764,3,7,3064,0,1.10E+06
4,2,1930,6600,4,7,1030,900,268000
3,2.25,2520,6690,5,8,1700,820,835000
2,1,920,5029,4,7,920,0,600000
4,1,1480,8321,3,7,1080,400,425000
2,1.75,1480,4000,4,6,740,740,409000
5,3.25,4110,7920,3,9,3150,960,1.88E+06
3,1,1720,9830,4,7,1720,0,950000
3,1,960,9563,5,7,960,0,215000
4,2.5,3180,21904,3,9,3180,0,736500
3,1.75,1930,7210,3,7,1110,820,434500
5,2.5,2860,68519,5,8,2860,0,670000
3,2.5,1590,1431,3,8,1060,530,480000
4,3.5,3370,5000,3,8,2470,900,900000
3,2.5,1800,8518,3,7,1800,0,325000
4,2.75,2475,4000,3,7,2475,0,329900
3,2,1890,12017,3,8,1890,0,1.43E+06
3,2.5,2410,9916,4,10,2410,0,700000
2,1,1140,5400,5,7,1140,0,549000
3,1,1030,7200,3,6,880,150,335000
3,1.75,1160,6120,3,7,1040,120,450000
4,2.5,3170,47502,3,10,3170,0,1.04E+06
2,1,930,3100,3,6,930,0,390000
5,2.75,3010,12611,3,10,3010,0,837700
2,1.75,1660,11747,3,7,830,830,452000
5,4.5,4440,9784,3,10,4440,0,600000
3,1,1070,9497,3,7,1070,0,315000
4,2,2050,4000,5,7,1210,840,495000
3,2.25,1720,9435,4,7,1220,500,210000
1,1,680,1638,1,6,680,0,252000
3,1.75,1680,4240,4,7,1680,0,540000
3,2.5,1920,144619,3,8,1920,0,465000
4,2.25,2390,11250,3,9,2390,0,359500
3,2,1270,6760,5,7,1270,0,386100
3,2.5,2780,275033,3,10,2780,0,950000
4,4,2680,6000,3,7,1380,1300,777000
4,3,3720,14125,4,9,1930,1790,875000
3,2,1824,7120,3,9,1824,0,375900
3,2.5,2160,6000,4,8,1880,280,990000
4,2.75,2720,6427,3,8,1650,1070,469950
4,2.25,2350,10664,2,7,1510,840,800000
3,1.75,1700,8432,3,8,1230,470,475000
3,2.25,1440,10500,3,8,1130,310,246000
2,1.75,1340,1050,3,8,1340,0,360000
5,2.75,2520,4643,4,8,2120,400,1.10E+06
2,1,1450,9150,4,7,1450,0,355000
3,2.25,2180,6850,3,7,1750,430,455000
4,2.75,2030,56192,3,8,1550,480,440000
3,1.75,1520,9605,3,7,1520,0,530000
2,1,1060,6120,3,7,1060,0,826000
3,1.75,1470,6018,3,8,1470,0,479000
4,2.5,2700,37431,4,8,1600,1100,680000
3,3.25,3130,28001,3,9,2210,920,595000
4,2.5,2570,7221,4,8,1570,1000,626000
2,1,2180,9300,4,7,1090,1090,490000
4,2.5,4570,16015,3,11,4570,0,1.06E+06
3,2.25,2430,8327,4,9,1430,1000,690000
5,2.25,2370,15512,4,9,2370,0,913888
4,2,2090,40419,4,7,2090,0,460000
4,1.75,1870,8663,5,7,1870,0,460000
4,2.5,2500,5831,3,8,2500,0,350000
5,2.75,3220,8160,3,9,3220,0,384000
3,1,1390,21262,3,7,1390,0,199000
4,2.75,2320,4344,3,8,2320,0,449950
3,2,1460,3600,3,7,1460,0,591000
3,3.25,1510,1850,3,8,1230,280,465000
3,2.75,3180,3680,4,9,2190,990,850000
3,1.5,2220,4830,3,9,1790,430,1.10E+06
3,3,1820,4300,4,8,1620,200,775000
4,2.5,2310,7800,3,8,2310,0,375000
2,1,1220,5040,3,7,1220,0,555950
3,3.5,2100,2479,3,9,1450,650,555000
4,2.5,3220,35400,3,9,3220,0,690000
4,2,1790,7800,5,8,1790,0,570000
3,1,1200,6561,3,6,1200,0,263700
3,1.5,2000,7350,3,8,2000,0,560000
4,1.75,3000,42200,3,7,1500,1500,585000
4,2.75,2240,27820,4,8,2240,0,580379
3,2.5,1600,6510,3,7,940,660,439500
3,2.75,2220,5000,3,7,2220,0,400000
2,1,980,3800,3,7,980,0,390000
3,1.75,1120,10187,3,7,1120,0,240415
5,3,3040,6604,3,9,3040,0,538900
4,1.5,1130,7840,4,7,1130,0,210000
3,2.75,2670,4800,3,8,2670,0,408000
4,1.75,1570,3250,5,8,1570,0,535000
4,2,2760,21465,4,9,2120,640,459950
4,2.5,2120,57050,3,9,2120,0,475000
4,2,1980,15354,3,7,1980,0,395000
5,3.5,2390,6600,5,7,2390,0,267500
5,3.5,2980,5809,3,8,2980,0,750000
3,1.75,1960,43995,3,7,1960,0,480000
2,1,700,3000,4,6,700,0,310000
4,2.5,3140,14421,3,10,3140,0,780000
5,3.5,4510,16305,3,10,2820,1690,960000
4,3.75,2690,4000,4,9,2120,570,800000
3,1.75,2040,22693,4,8,2040,0,355000
3,1.75,1650,10250,5,8,1650,0,710000
4,1,1350,3333,3,7,1350,0,429000
2,1.5,1295,1093,3,9,1105,190,487028
4,2.25,2290,5350,4,9,2120,170,975000
4,1.75,1630,3000,3,7,930,700,313000
5,3.75,6810,7500,3,13,6110,700,2.48E+06
4,2.5,2500,10215,3,9,2500,0,635000
5,2.5,2690,5557,3,7,2690,0,279000
2,1,880,1753,4,7,880,0,330000
4,2.25,3240,12930,4,9,2730,510,1.07E+06
3,1.75,1290,7210,3,7,1290,0,205000
4,1,1400,6739,3,7,1000,400,325088
3,2,1910,5040,3,8,1910,0,430000
4,2.5,1990,3980,3,7,1990,0,328000
2,1,1030,5000,5,6,1030,0,455000
3,1.75,1990,9594,3,8,1190,800,507500
4,2.25,2660,11200,4,8,2660,0,425000
2,2,1440,8425,4,6,1440,0,327200
3,1.5,1090,7698,5,7,1090,0,249950
3,2.5,2450,3582,3,9,2450,0,552500
3,1,1410,7700,3,7,980,430,225000
4,4.25,4285,9345,3,10,4285,0,1.89E+06
3,2,1108,1128,3,7,1108,0,369500
3,1,1810,7200,4,7,1130,680,287500
3,2.25,1550,5511,3,8,1550,0,481015
3,2,1500,2506,3,7,870,630,395000
5,3,2480,10090,3,7,1300,1180,372500
3,2,1420,4080,3,7,1420,0,485000
2,1,1470,3864,4,7,1170,300,548000
3,2.5,1480,7210,3,7,1180,300,276200
4,3,1540,4140,5,7,1540,0,624000
3,3.5,2050,2020,3,8,1520,530,761000
2,1,2180,12875,3,7,1480,700,275000
2,1,1290,3383,3,7,1290,0,305000
5,1.75,1400,5071,3,5,1400,0,425000
5,2.75,2220,4000,3,7,1230,990,427000
4,2.5,2800,8494,3,8,2800,0,426000
4,1.75,2350,6200,4,7,1410,940,555000
3,2.25,1540,5338,5,7,770,770,312000
1,1,620,5100,3,6,620,0,385000
3,1,1330,6900,3,7,1330,0,209000
3,2,1870,8442,5,7,1060,810,456000
3,1,860,6664,3,6,860,0,219900
4,2.5,3430,7200,3,9,3430,0,1.29E+06
4,2.5,2960,41656,3,10,2960,0,883000
4,2,2380,4500,3,6,1470,910,455000
3,1,1020,55756,3,7,1020,0,310000
2,1,960,20954,3,7,960,0,255000
4,2.5,1750,8476,4,7,1240,510,335000
4,2.5,2740,11975,4,8,2740,0,730000
3,2.5,2160,15817,3,8,2160,0,354000
3,1.75,1500,6000,5,7,850,650,700000
3,1.5,2040,6000,3,7,1340,700,335000
5,3.25,2680,3011,3,9,1870,810,1.03E+06
4,2.5,3200,7500,5,8,1860,1340,1.18E+06
3,2.5,2050,8172,3,8,2050,0,394950
4,1.75,1440,8114,4,7,1440,0,323000
3,1,1560,7552,4,6,910,650,320000
3,1,1100,8560,3,6,1100,0,199990
3,2.5,1560,5845,3,7,1560,0,296000
3,2.25,1810,5107,3,8,1810,0,626000
3,1.75,1690,7953,3,7,1690,0,259900
4,4,3430,35102,4,10,2390,1040,832500
4,3.75,3280,6000,3,9,3280,0,928950
3,1,1570,4000,5,8,1570,0,700000
3,2,1440,3218,3,7,850,590,380000
3,1,1170,9730,3,7,1170,0,252000
3,2.25,1710,7134,4,7,1130,580,172040
3,2.25,1440,9806,3,7,1440,0,253000
3,1,1060,9123,3,7,1060,0,641200
4,1.5,1200,10890,5,7,1200,0,226000
3,2,1610,8400,3,8,1610,0,225000
4,2.5,1950,7350,3,7,1150,800,385000
4,2.5,4040,9630,4,9,2020,2020,1.40E+06
3,2.5,1500,2255,3,7,1500,0,348000
4,2.25,2030,8517,4,8,1380,650,500000
4,3,3400,5100,3,9,3400,0,585000
3,1.75,1430,10816,3,7,1430,0,185000
3,1.75,1950,15037,3,7,1950,0,323000
2,1.75,1240,3000,3,7,1240,0,483000
4,3.25,3450,5000,3,8,3450,0,445000
4,3,2160,4400,5,7,1320,840,665000
4,2.5,2150,12028,4,8,2150,0,639000
3,2.25,1620,7350,3,7,1170,450,460000
3,1,1220,8119,4,7,1220,0,940000
5,2.5,2490,9639,4,8,1610,880,868500
3,2.5,3780,35273,3,10,3780,0,930000
3,1.75,1260,12750,3,7,1260,0,399900
2,1,1060,7200,4,6,1060,0,299995
4,2.75,2600,4674,3,8,1560,1040,750000
3,1.5,1070,5150,4,6,1070,0,249000
2,1.75,1180,900,3,10,780,400,664950
3,1,1210,9473,5,7,1210,0,453000
3,1.75,2130,20423,3,9,2130,0,667500
4,1.75,1560,9000,5,7,1560,0,544300
3,1.75,1490,9493,4,8,1490,0,312500
5,2.5,2400,4548,3,7,2400,0,335000
4,2.75,2640,6240,3,9,2640,0,650000
3,2.5,2990,6725,3,9,2990,0,525000
5,3.25,4590,12793,5,11,3590,1000,2.80E+06
3,1.5,1580,3172,4,8,900,680,524500
5,1,1460,11726,3,6,1290,170,180000
3,2.75,2100,10362,3,9,1510,590,525000
3,2.5,2270,7866,4,10,2270,0,716000
3,2.5,3240,60840,3,7,3240,0,654000
2,1.75,2130,6574,3,8,1500,630,450000
4,2.5,3120,5001,3,9,3120,0,380000
3,0.75,1030,12700,4,5,1030,0,229950
3,3,2420,13959,4,8,1740,680,330000
3,2.5,1870,3439,3,7,1870,0,300000
2,1.5,1090,1183,3,8,1090,0,306000
4,2.5,2420,3825,3,8,2420,0,298000
4,2.5,3040,20682,3,7,3040,0,468000
3,2.25,1650,10000,3,7,1650,0,266750
3,1,1330,15678,3,7,900,430,405000
3,2.5,1660,8125,3,7,1150,510,295000
3,1.75,1570,15570,3,7,1570,0,209950
4,2.5,3780,6800,3,8,3780,0,549950
4,1.75,2440,7350,3,8,1610,830,330000
3,2.25,2390,2750,5,8,1580,810,915000
4,2.5,2660,8469,3,10,2660,0,751305
3,1.75,2000,7480,3,8,1320,680,410000
3,2.5,2840,216493,3,9,2840,0,560000
5,3.5,4600,8764,3,10,3180,1420,880000
3,2.25,1720,4000,4,7,1450,270,620000
3,2.5,1780,1729,3,8,1080,700,660000
3,2.5,1400,4400,3,7,1400,0,399950
3,1,920,4875,4,7,920,0,152000
3,1.75,1480,4800,4,7,1140,340,585000
2,1.75,1210,1040,3,8,1210,0,357186
2,1,780,8160,4,6,780,0,254922
3,2.25,1490,9600,4,7,1170,320,287000
4,2.75,2140,9920,3,8,2140,0,354450
2,1,1050,5000,5,7,1050,0,515000
3,3.25,3530,4920,3,9,2660,870,1.55E+06
3,1,1000,12000,3,7,1000,0,217000
4,2,1480,8625,4,7,1480,0,260000
3,1.75,1880,13300,3,7,1380,500,725000
3,1,1960,7955,4,7,1260,700,375000
4,2.5,2190,4866,3,7,2190,0,418500
4,2.75,3030,117378,4,8,1680,1350,455000
2,1,810,8494,3,6,810,0,237500
2,1,880,12000,3,7,880,0,334550
3,2.5,1560,3987,3,7,1560,0,435000
3,2,1380,9000,2,7,1380,0,215500
5,2,2280,5400,4,7,1340,940,712500
4,2.25,2350,7210,4,7,2350,0,500000
3,1.5,1030,8223,4,7,1030,0,267000
3,2.5,2430,5866,3,7,2430,0,471500
2,2.5,1340,1263,3,8,1340,0,425000
4,2.75,2475,4000,3,7,2475,0,319900
1,0,690,23244,4,7,690,0,484000
3,1,1250,8800,3,7,1250,0,230000
3,1,1250,8000,3,7,1250,0,234900
4,1.75,1830,11090,3,7,1060,770,383000
4,2,2750,5527,3,8,2130,620,865000
3,1,1080,4120,3,7,980,100,818900
3,1,840,3000,3,5,840,0,135000
2,1,1340,6380,3,7,890,450,520000
3,1,1120,9656,5,7,1120,0,435000
4,2.5,2810,10433,3,8,2810,0,350000
2,1,1440,33747,3,7,1440,0,803000
2,1.5,1190,3400,3,7,990,200,441000
4,2.5,2910,8881,3,10,1940,970,1.10E+06
4,2,2190,14439,4,7,1180,1010,280000
3,1,1050,7500,3,6,1050,0,440000
3,1,1130,11250,3,7,1130,0,354000
3,1.75,2620,38350,4,8,1320,1300,525000
2,1,800,5150,4,6,800,0,350000
3,2,3570,30456,3,8,2070,1500,2.20E+06
3,2.5,3940,10360,3,9,3110,830,933399
4,2.75,3840,10004,4,9,2110,1730,1.14E+06
4,2.5,2660,65340,3,8,2660,0,523000
3,2.5,1600,2610,3,8,1600,0,384500
4,1.5,1790,3420,4,7,1020,770,560000
3,1,990,10723,5,7,990,0,284950
4,2.5,2280,9874,3,9,2280,0,560000
2,1.75,1740,5100,3,6,580,1160,205000
3,3.5,1340,1168,3,8,1080,260,370350
4,2.5,2180,7210,3,7,1190,990,330000
3,3.25,2200,7440,4,7,1710,490,525000
3,1,1010,9750,5,7,1010,0,202000
3,1.75,1260,10065,3,7,1260,0,475000
4,1,1000,7134,3,6,1000,0,165000
4,1.5,1430,8775,3,7,1030,400,215000
4,2.25,2730,7506,4,8,2730,0,435000
4,1.75,2020,8800,4,8,2020,0,245000
3,1,1410,7200,4,6,1410,0,700000
6,1.5,2140,36509,4,8,2140,0,230000
4,2.5,2303,3680,3,8,2303,0,329995
3,2.5,2180,5496,3,8,2180,0,612000
3,2.5,3180,7904,3,8,1810,1370,439000
3,1.75,1200,8034,5,7,1200,0,243000
4,2.5,3300,28433,3,9,3300,0,725000
3,2.5,2370,55321,4,8,2370,0,860000
4,1.75,1850,5712,3,7,1850,0,352000
4,2,2230,4635,5,7,1510,720,700000
2,1,1120,3220,4,7,1120,0,500000
5,3.25,2820,3275,3,8,2230,590,461500
4,2.5,2290,3777,3,7,2290,0,278000
4,2.5,2040,4443,3,8,2040,0,265000
3,2.5,1660,1545,3,9,1400,260,700000
3,1,1120,12500,4,7,1120,0,615000
2,1,1000,4179,5,5,1000,0,189900
3,1.75,1170,8239,3,7,1170,0,205000
4,2.5,2000,6921,3,8,2000,0,380000
4,3,5430,108900,4,10,5430,0,1.36E+06
4,2.75,3360,9100,4,8,1760,1600,945800
2,1,770,5160,3,6,770,0,265000
3,1.75,1950,19747,3,7,1150,800,440000
3,1,990,8100,3,6,990,0,250000
3,1.75,2150,3503,3,8,1870,280,950000
5,1,2150,262231,3,7,2150,0,550000
3,1.75,1680,4800,4,7,1400,280,550000
6,3.25,4250,23326,3,10,2150,2100,465000
4,2,1640,7200,3,7,1640,0,370000
3,2.5,2400,9601,5,7,1390,1010,505000
3,1,1180,8400,3,7,1180,0,425000
3,1.75,1460,7226,3,7,1460,0,220000
4,2.5,2460,45738,4,8,1650,810,607500
3,3.5,1600,1431,3,8,1240,360,460000
4,2.75,2760,5670,3,10,2760,0,847093
3,2.5,1660,3990,3,7,1660,0,324500
4,2.5,2470,5100,3,8,2470,0,337000
4,2.25,1880,3000,3,8,1760,120,616500
2,1.75,1440,4660,3,8,1440,0,445000
2,1,850,4650,3,7,850,0,460000
3,2,1420,11325,3,7,1420,0,510000
3,1.75,2200,14630,3,8,2200,0,1.23E+06
3,2.75,2090,9620,3,8,1340,750,310000
4,2.75,3220,4392,4,9,2320,900,880000
5,2.5,2590,7084,3,8,2590,0,779380
5,2.5,3370,4850,3,9,3370,0,540000
2,1,1300,11400,3,7,1300,0,170000
4,2.5,2950,7024,3,10,2950,0,921800
3,1.5,1860,17640,4,7,1860,0,350000
4,2.5,2190,8100,4,8,1250,940,297500
2,1,720,5000,5,6,720,0,280000
4,1,2100,9288,4,7,1050,1050,305000
4,3,2630,5772,3,9,2630,0,731688
3,2.25,2370,10289,4,9,1590,780,790000
2,1.5,1870,12960,4,6,1350,520,390000
3,1.5,2230,6000,3,8,1260,970,585000
4,2.75,2130,8560,3,7,1560,570,283000
3,2.5,3400,12442,3,9,3400,0,815000
4,2.25,1860,3766,3,8,1860,0,535000
3,1,920,6612,3,6,920,0,210000
3,1,1030,3000,3,7,830,200,385000
2,1,1280,4840,3,7,1200,80,649000
3,1.75,1770,9000,3,7,1090,680,286000
3,2.25,1920,8412,3,8,1460,460,625000
3,1,970,5922,3,7,970,0,354950
3,2,1990,3990,5,7,1130,860,760500
3,1.75,1900,10225,4,8,1220,680,350000
3,3,4380,6320,5,10,3580,800,1.45E+06
3,2.5,2350,4975,3,8,2350,0,700000
1,1,720,2500,3,7,720,0,438600
5,4,4510,15175,3,10,4510,0,1.87E+06
2,1,1570,4400,4,8,1570,0,998500
4,2,1540,5110,3,7,1540,0,262500
3,2.5,2390,47480,3,9,2390,0,460000
2,1,950,4000,3,6,950,0,320000
3,2.5,2100,17882,4,8,2100,0,505000
3,2.5,1840,6985,3,7,1290,550,380000
2,1,770,8149,4,6,770,0,310000
2,2.25,1290,1334,3,8,1290,0,489000
3,2.75,2210,4000,3,8,2210,0,660000
4,2.5,2410,55931,3,9,2410,0,449500
3,2.5,1690,3068,3,7,1690,0,482500
3,1.5,1180,8545,3,8,1180,0,816000
3,1.5,1390,8300,4,7,1390,0,317000
3,2.75,1910,15508,3,8,1210,700,300000
2,1,870,7227,3,7,870,0,312500
4,2.5,2260,5164,3,8,2260,0,419950
3,2,1270,1323,3,8,1270,0,360000
2,1,1790,15783,4,8,1360,430,560000
4,2.75,2660,9547,3,8,1930,730,1.44E+06
3,2.5,1930,6180,3,7,1330,600,375000
2,1.75,1050,6500,4,6,1050,0,295000
3,2.5,3410,41022,3,11,3410,0,725000
2,2,2640,13939,5,8,1640,1000,850000
3,2.5,2380,16080,4,9,1340,1040,986000
2,1,1120,4800,3,7,770,350,363000
3,1.75,1580,11455,4,7,1200,380,315000
4,2.5,2180,5367,3,7,2180,0,339995
3,2.25,2520,12000,3,10,2520,0,598500
3,2.25,1400,11400,3,8,1400,0,374500
4,2.75,4140,24190,3,11,4140,0,657500
3,2.25,1280,959,3,8,1280,0,355000
3,1.75,1480,800,3,8,1000,480,469000
4,2.5,1890,12236,3,7,1230,660,378000
4,3.5,3450,6873,3,10,2750,700,590000
5,1.5,1930,7480,3,7,1930,0,270000
2,1.75,1440,4225,3,8,1440,0,437000
3,1.75,1680,14630,3,8,1680,0,425000
5,2.5,2890,13104,3,8,2890,0,518000
4,2.5,2790,9910,3,8,2790,0,518000
2,2.5,1280,940,3,8,1060,220,350000
3,1,1490,15850,3,7,1490,0,225000
4,2.25,3530,5500,3,8,2860,670,1.66E+06
3,2.5,1580,1321,3,8,1080,500,705000
4,2,2790,8793,4,8,1640,1150,723000
3,1.75,1610,6205,4,7,1210,400,270000
3,1.75,2620,8280,4,7,1330,1290,615000
3,1.75,2450,2691,3,8,1750,700,937000
3,1.5,1680,17409,3,7,1680,0,500000
3,2.5,2140,7641,3,8,1290,850,339950
3,1.75,1580,14400,4,7,1580,0,225000
4,2.25,1990,8548,3,8,1990,0,435000
5,2.75,2830,6137,3,9,2830,0,820000
3,2,1310,7349,3,7,870,440,241500
5,2.5,1760,10200,3,6,1760,0,220000
2,1,940,9330,3,6,940,0,255000
3,2.25,1200,2845,3,7,1200,0,342000
4,2.5,3260,10032,3,8,1960,1300,538000
3,1,800,3060,4,6,800,0,465000
3,1.5,1320,2625,3,7,1320,0,269000
6,1.75,1820,6250,3,7,1130,690,545000
3,1,1100,5734,4,7,1100,0,178000
3,2,1690,6750,3,7,1210,480,217000
2,1,790,8424,4,6,790,0,268500
4,2.5,2425,9017,3,9,2425,0,447500
3,1,1470,32670,3,7,1020,450,238000
4,2.75,2310,7851,4,8,1790,520,592100
3,1.75,2020,8970,4,7,1180,840,475000
4,2,1760,7800,3,8,1760,0,690000
2,2,1680,6194,3,8,1680,0,575000
4,1.75,1850,7500,3,7,1850,0,181100
2,1,820,8370,4,7,820,0,324000
2,2,1440,4666,3,8,1440,0,439950
4,2.5,2434,4400,3,8,2434,0,285000
2,1,950,8100,3,6,950,0,200000
4,4,4050,9517,3,11,3360,690,1.20E+06
4,2.5,1720,5805,3,8,1720,0,295700
3,2,2100,31550,3,8,2100,0,399000
3,2,1710,7920,3,8,1260,450,237000
4,3.5,4680,12495,3,10,3040,1640,1.35E+06
3,2.75,3230,75889,3,7,3230,0,1.15E+06
4,2.25,2670,14255,4,8,1610,1060,437850
4,2.5,2770,5612,3,7,2770,0,650000
3,1.5,1400,9087,3,7,1400,0,320000
5,2.5,2850,209523,4,7,1930,920,450000
4,2.5,3140,94525,4,8,2280,860,401500
4,1.75,1760,4080,4,8,1760,0,810000
3,3.25,3190,5283,3,9,3190,0,757000
3,1,1260,7500,3,6,1260,0,120000
4,2.25,2260,11900,3,9,2260,0,605000
3,1,1600,6380,3,7,1400,200,490000
3,2.5,2120,3757,3,7,2120,0,400000
2,2.25,2080,11285,4,8,1180,900,530000
3,2.25,2510,6339,5,8,1810,700,994000
4,2.25,2200,7150,4,7,2200,0,339950
4,2.5,2730,10281,3,9,2730,0,780000
4,1.75,2250,10108,4,8,2250,0,605000
4,1.5,1550,3000,3,7,1350,200,458000
5,2.75,2910,36250,3,8,1590,1320,585083
4,2.5,2890,15067,3,9,2890,0,515000
4,2.5,2700,9320,4,8,2700,0,837500
3,2,1700,4080,4,7,850,850,652000
4,1.5,1870,7220,3,7,1870,0,325000
4,2.75,3320,10574,5,8,2220,1100,665000
3,1.5,1490,6604,4,6,1490,0,255000
4,2.5,2690,6099,3,9,2690,0,340000
3,3,2940,4622,4,9,2230,710,1.07E+06
4,2.5,2160,5298,4,9,2160,0,842500
4,2.25,2060,10070,3,7,2060,0,439000
2,1.5,1010,825,3,7,1010,0,286000
5,2.75,2580,9242,4,8,1720,860,713000
5,1.75,1550,10500,3,7,1100,450,405000
4,2.25,2130,5337,3,7,2130,0,389000
2,1,640,2500,4,6,640,0,426000
3,3,2630,4896,3,9,2630,0,738000
3,1,1030,7620,3,7,1030,0,330000
4,2,2310,31850,4,8,2310,0,640000
3,1,1150,18200,5,7,1150,0,465000
4,2.5,2170,6000,3,7,1630,540,445000
2,1,910,5000,4,6,910,0,450000
3,1.75,2110,7129,3,8,1280,830,540000
5,4.25,3350,3600,3,10,2260,1090,1.43E+06
4,1.5,1550,5053,4,7,1180,370,433000
3,1,1170,62290,3,5,1170,0,315000
3,2.25,2270,23900,3,9,1820,450,680000
3,1.5,1090,8400,4,7,1090,0,415000
3,3.5,3820,145054,3,9,2870,950,830000
4,2.5,2800,6820,4,7,2800,0,365000
3,1.75,1640,4590,5,7,1640,0,700000
3,3,2240,10479,4,7,1710,530,399000
2,1,1320,8380,3,7,1320,0,447000
3,1.75,2080,12522,5,6,2080,0,249900
2,1,770,7554,3,6,770,0,385000
3,2.5,3320,12840,3,10,2600,720,792000
3,2.25,1780,8784,3,7,1230,550,470000
2,2.5,980,1020,3,8,980,0,329000
2,1,1150,5664,3,7,870,280,515000
4,2,1850,7560,4,7,1540,310,250000
3,2.5,1530,762,3,8,1050,480,450000
3,1.75,2820,8879,5,7,1540,1280,456700
4,2.5,1980,5000,3,8,1980,0,410500
3,1.75,1420,8738,4,7,1420,0,234000
6,2.5,3596,13700,5,8,1798,1798,580000
2,1,800,1200,3,7,800,0,269500
2,2.5,2720,16637,3,10,2160,560,1.44E+06
2,1.5,750,2964,5,5,750,0,258305
4,2.5,2390,7056,3,9,2390,0,360000
3,1.75,1660,8160,4,7,1660,0,315000
5,2.5,2250,10400,3,8,1280,970,370000
4,1.75,1850,7350,3,7,1050,800,270000
4,2.5,2580,5787,3,9,2580,0,775000
3,2.5,2770,9136,3,10,2770,0,860000
3,1.75,1460,10128,3,8,1460,0,601500
4,1.5,1580,6200,3,6,790,790,159075
4,2.5,2230,64438,4,7,1230,1000,464950
3,1.5,1380,12196,4,7,1380,0,285000